Gen,C1,C2,C3,T1,T2,T3
B-actina,19.86015438,20.19929031,19.86145093,19.97930339,20.12077321,19.878391
Gene_1,23.87904871,23.00840255,23.97679256,21.69938504,22.39309955,21.01165224
Gene_2,24.53964502,22.92008991,25.47387576,21.34448573,23.30022638,24.25518693
Gene_3,28.11741663,24.96403952,23.91682166,19.10366942,23.34200838,19.7061009
Gene_4,25.14101678,24.73564973,27.43845529,20.60543083,19.43168447,24.96203719
Gene_5,25.25857547,19.90131445,25.34827175,27.19698046,17.94778083,23.83238242
Gene_6,28.43012997,27.08114691,23.76946337,21.92516997,26.41065213,22.67026203
Gene_7,25.92183241,25.49945147,21.38621407,23.82698378,22.46277986,23.14935066
Gene_8,22.46987753,29.83241475,23.71263779,21.630947,22.75128452,22.40723932
Gene_9,23.6262943,26.37039648,29.0920377,23.21964859,19.61406296,21.10591762
Gene_10,24.10867606,24.10608138,23.87847516,21.89454638,24.26509968,21.31294814
Gene_11,27.44816359,30.59478229,23.32800139,24.72784391,25.67895359,20.79232841
Gene_12,25.71962765,30.66445205,26.30589501,20.99273317,25.05574021,24.47734504
Gene_13,25.8015429,22.56257637,25.88258625,18.58187966,17.95274595,23.19898411
Gene_14,25.22136543,25.93806391,26.50325811,23.79709937,19.918984,21.78253248
Gene_15,23.88831773,24.57750616,24.44404983,21.52453195,22.1955832,19.72228607
Gene_16,28.57382627,25.37410229,27.24530843,24.92681516,23.3936816,22.63971068
Gene_17,25.99570096,25.45508546,22.65478228,22.24875653,20.91222297,19.98690373
Gene_18,21.06676569,22.47619907,24.90224646,24.90748169,20.2829014,20.29677591
Gene_19,26.4027118,25.57117916,23.59171933,22.70045392,22.45957187,26.07757209
Gene_20,24.05441718,28.49849473,26.36151728,21.30194904,20.1147137,19.20803555
Gene_21,22.86435259,24.67181999,25.26001352,23.45119722,26.0870086,20.23401001
Gene_22,24.56405017,24.67414658,27.21941616,21.08152314,18.3490092,20.83838774
Gene_23,22.9479911,27.79714401,29.11700174,25.36951846,23.01758441,20.80848863
Gene_24,23.54221754,26.79679248,25.28131106,22.29316803,18.00734559,19.74894924
Gene_25,23.74992146,21.70301036,23.9307667,17.94028581,21.01135417,21.62454902
Gene_26,21.62661338,25.45711395,23.35296655,27.05565984,30.96867457,25.92391591
Gene_27,26.67557409,28.30709447,24.47393204,24.73525615,30.24353715,30.68492109
Gene_28,25.30674624,27.8305527,24.86079633,23.64328939,25.2002787,28.24702585
Gene_29,22.72372613,25.83990321,28.98360383,28.1184173,25.04780393,29.71629558
Gene_30,27.50762984,26.44244161,22.74178091,29.29572127,28.11621168,25.18914415
Gene_31,25.85292844,22.60612958,22.81356513,26.47714622,26.09404672,27.97108581
Gene_32,24.40985703,25.60026313,24.18406662,25.34231535,28.81154023,29.09115136
Gene_33,26.79025132,23.09110213,26.17511893,26.79593851,26.03212303,28.19622418
Gene_34,26.75626698,24.08396386,26.64222372,24.89894946,24.77975397,28.03519326
Gene_35,26.64316216,26.87120737,23.1841306,29.40600359,27.13966246,25.93143976
Gene_36,26.37728051,22.72621378,25.25407721,29.14900601,25.55157873,26.74256574
Gene_37,26.10783531,25.5338365,24.91421404,24.80941698,30.17328393,27.19019719
Gene_38,24.87617658,25.85666408,27.39041294,26.75186228,27.33038884,26.39525757
Gene_39,24.38807467,25.10982394,27.17838447,30.09443211,27.92431859,29.52761431
Gene_40,24.239058,28.64437764,24.37543861,27.66388153,30.76118266,31.51922587
Gene_41,23.61058604,22.95530534,25.09198753,28.01903178,31.71564248,30.63036016
Gene_42,24.58416544,26.21226052,26.30544523,28.83448045,27.89409956,28.84568046
Gene_43,22.4692073,24.82213887,21.69301473,29.25366839,28.6666724,27.76338462
Gene_44,29.33791193,24.47833551,24.37945807,30.41248628,30.61819536,29.15201146
Gene_45,27.415924,25.92818247,26.14974577,29.54513074,27.65107551,26.42277159
Gene_46,22.75378283,22.95919882,23.95353569,25.24486587,25.91274827,28.52983422
Gene_47,24.19423033,22.37309817,24.8801636,27.27514615,29.98840073,28.3329324
Gene_48,24.06668929,24.01103825,24.95798493,28.60459699,24.95073092,23.30995357
Gene_49,26.55993024,28.5035143,23.55269357,27.78184025,27.50949374,31.79327404
Gene_50,24.83326187,25.11152955,23.01104033,23.64166944,27.19568984,25.33687713
Gene_51,25.50663703,25.6628688,24.60026553,23.48377055,23.95451133,19.74824472
Gene_52,24.94290649,24.62030672,24.30594435,27.0291023,19.49278249,24.99931506
Gene_53,24.91425909,25.94098546,26.66819013,25.31609432,23.82619952,25.21482459
Gene_54,27.73720457,23.09664091,28.05976442,22.05487912,27.53262586,24.98398914
Gene_55,24.54845803,27.31582093,24.97615524,25.43185241,24.06225869,25.28112923
Gene_56,28.03294121,26.16941052,25.79734398,24.68258505,23.76191363,22.63014532
Gene_57,21.90249439,23.38709435,24.85916937,26.34370775,23.66772103,26.18499421
Gene_58,26.1692275,25.10910649,26.20271969,29.2131172,23.25052141,27.76137516
Gene_59,25.24770849,26.43266324,25.43699092,21.96819974,25.29204341,23.32254283
Gene_60,25.43188314,26.11546196,25.473191,23.98987296,26.18556142,25.61174847
Gene_61,25.75927897,27.96386803,27.22583026,24.72247412,27.8974115,24.45819936
Gene_62,23.99535309,23.77402449,23.0251577,20.72759,21.86781742,24.87842819
Gene_63,24.33358523,27.23227323,27.89572803,24.93756001,25.79070666,26.95141691
Gene_64,22.96284923,27.07309602,25.69822482,23.81366192,24.69353208,25.55553642
Gene_65,22.85641755,24.67503374,25.36164402,29.47120554,25.57057204,28.86368213
Gene_66,25.60705728,23.04814661,23.8795163,19.16404757,22.93656546,24.33541879
Gene_67,25.89641956,22.82170962,24.67224482,27.97644234,25.09102284,27.96388659
Gene_68,25.10600845,25.91557392,25.74736961,27.01604934,22.69277243,24.08868887
Gene_69,26.84453494,24.85774653,20.87257149,26.47018326,26.31940655,24.5373552
Gene_70,29.10016937,28.55820533,23.7969561,25.29362399,23.10762037,24.34576475
Gene_71,24.01793767,26.07027592,26.17198322,23.57839941,25.12709456,25.57580406
Gene_72,20.38166225,24.25611025,24.41103643,27.2112628,20.74553465,25.93306845
Gene_73,27.01147705,22.9489155,23.39894491,23.22850587,25.65393372,25.29032217
Gene_74,23.58159847,23.83519665,23.72861094,26.38952364,27.2154458,26.19865067
Gene_75,23.62398277,25.68577679,25.47149806,25.80527837,26.53232575,23.43613532
Gene_76,27.05114274,24.09813071,21.73033523,27.15247639,27.10734596,24.52224297
Gene_77,24.43045399,26.02846024,26.74245848,23.80690714,22.2881144,26.30427069
Gene_78,22.55856458,24.3313239,20.66213065,23.83802474,24.66139723,27.07615714
Gene_79,25.36260696,24.78888018,23.99332096,25.60415313,24.86059802,25.67668221
Gene_80,24.72221728,23.53898065,23.42563504,25.61137031,26.4403913,26.41877965
Gene_81,25.01152837,28.81008717,22.50279958,27.74799671,24.66443625,26.68012232
Gene_82,25.7705608,25.66524346,22.84418532,25.97079886,24.59344217,26.21861799
Gene_83,24.25867994,25.46126728,25.50015471,25.28968008,28.3562565,24.55256467
Gene_84,26.2887531,21.61627517,24.76045194,26.68523969,27.18187026,24.67131216
Gene_85,24.55902688,26.3195838,24.39829474,23.91278437,21.48711074,26.24398766
Gene_86,25.66356393,22.95275282,20.35847245,27.18594379,24.23077841,24.08923235
Gene_87,27.19367803,23.21695685,22.35135858,22.95491679,23.01568363,24.73603249
Gene_88,25.87036298,26.83668234,24.73738578,25.67629474,30.94317007,24.81638598
Gene_89,24.34813683,24.09459871,23.24392969,21.58630847,24.01133094,21.82638199
Gene_90,27.29761524,21.50325544,23.40646214,25.49289852,27.29607957,25.6683778
Gene_91,26.98700771,28.53980822,27.09908143,21.86407374,25.1925425,26.14001369
Gene_92,26.09679392,20.24518615,25.3511767,24.53703011,25.21766042,24.87779327
Gene_93,25.47746347,26.14562306,22.91231076,21.4850891,25.9904739,28.5881344
Gene_94,23.74418785,27.0344985,24.06260797,23.72076034,24.714713,24.64843526
Gene_95,27.7213049,23.73806427,24.43019304,23.44766618,26.66587399,26.15759847
Gene_96,23.79948083,25.8885741,23.63940964,26.10954931,26.11964755,26.06519626
Gene_97,29.37466599,25.87826078,23.07189278,23.83575574,21.62980811,26.56935812
Gene_98,28.06522125,27.08124631,24.89639184,23.4628098,23.88877537,25.83542417
Gene_99,24.52859928,25.96819878,26.48238944,27.44303138,23.95329375,24.61743884
Gene_100,22.9471582,24.51023244,25.45370401,28.33834082,23.98779135,26.1267065
Gene_101,23.57918687,26.83198412,24.59970597,27.18696077,27.13056977,25.50704468
Gene_102,25.51376742,26.60124471,25.77564049,22.01751499,27.97405407,25.48704428
Gene_103,24.50661624,23.12686193,26.58783673,27.55330617,23.1563981,26.4391805
Gene_104,24.3049148,22.19842513,24.71897208,22.54292486,26.08287093,26.54546596
Gene_105,23.09676287,25.32055508,25.9116104,24.85609796,22.66046415,24.98295427
Gene_106,24.90994455,24.45207525,22.70885419,26.46891641,23.88583925,24.22186169
Gene_107,23.43019106,23.02892177,24.50069862,24.57222584,25.59693109,27.65646671
Gene_108,21.66411613,25.16786136,24.15940345,24.69921439,24.62215442,25.1060251
Gene_109,24.23954696,22.36000695,25.39132901,25.25076485,23.63909959,24.24746968
Gene_110,26.83799322,25.3224527,25.71463903,25.85571604,22.48510292,23.10752331
Gene_111,23.84930607,23.75014322,24.75276404,25.82270136,24.37646693,25.53997897
Gene_112,26.21592864,26.91432855,23.46757155,21.54727749,25.10499609,25.77430117
Gene_113,21.76423458,29.84897828,23.14057157,24.64870353,26.12446762,22.7238948
Gene_114,24.88887607,23.16804151,25.55704122,25.57367705,23.24836635,22.30329102
Gene_115,26.03881441,27.11532834,27.7136737,26.18148002,26.17351193,25.36839424
Gene_116,25.60230672,26.65029946,23.42572881,24.36527943,22.67232086,23.36220069
Gene_117,25.21135239,24.85961155,24.23040266,23.59469672,23.90777596,27.6972306
Gene_118,23.71858798,24.09270725,25.66136112,22.2648244,25.90075434,22.78560119
Gene_119,23.30059131,28.15061541,23.8907591,23.5423855,23.61496905,21.90219377
Gene_120,22.95174242,20.98908436,25.24314463,24.75695015,23.44080778,24.86030412
Gene_121,25.23529319,23.71361042,24.90480777,23.7295879,24.90533468,25.93601018
Gene_122,23.10505077,22.12631311,23.44749682,26.18940538,25.07086913,25.31376229
Gene_123,24.01888511,27.79062688,26.6628825,25.73500246,26.86896392,24.75828073
Gene_124,24.48781562,24.61859313,26.69261567,21.78252313,24.53322796,25.75760165
Gene_125,28.68772401,23.9506576,27.04827901,25.63466369,21.59842383,23.46322871
Gene_126,23.6961002,31.36808895,27.53599317,26.08340932,23.6883238,25.45398387
Gene_127,25.47077314,24.89992546,23.98727642,24.47734602,23.73905906,23.33262547
Gene_128,25.1559217,24.11250138,24.07103621,24.94700848,23.13534482,23.39121029
Gene_129,23.07628673,25.5997305,25.522436,24.13552339,25.6438074,25.21343094
Gene_130,24.85738383,21.86315076,26.26016195,24.41322651,30.00353019,25.82292982
Gene_131,27.88910172,25.98060529,24.32074769,22.98591975,26.58833494,23.26175687
Gene_132,25.90300811,24.8076736,24.15331038,25.8504152,24.69032088,21.8980449
Gene_133,25.08246584,25.93705025,23.76345694,22.55036682,26.00733437,22.94730004
Gene_134,24.15500634,23.03525873,27.96440378,23.81907069,27.88553648,20.99959402
Gene_135,20.89350556,22.95403232,19.9836673,23.17272386,24.38146565,25.25803437
Gene_136,27.26267443,23.61317067,24.66484393,23.25816457,26.32896094,26.16953754
Gene_137,22.07871986,23.46402085,25.07642575,24.26288872,26.12379823,28.60385829
Gene_138,26.47989502,27.59809993,22.88078079,24.02949497,24.75473035,23.21054324
Gene_139,28.81820714,28.15829112,25.77085179,23.60007624,25.11309201,24.05492437
Gene_140,22.11221368,24.68621609,21.06582463,24.49313221,26.30378201,24.7829824
Gene_141,26.40356867,24.28212688,26.90993772,21.83020478,24.94752271,25.47516607
Gene_142,24.47560502,24.34192234,21.67327883,25.22207674,24.32098201,23.40330337
Gene_143,21.85571168,25.13847296,20.59453024,26.26369232,23.81202004,26.85866436
Gene_144,21.97066469,25.19380847,23.47287235,22.43380262,25.58192415,24.24062168
Gene_145,21.79692765,25.58006878,25.32416079,22.17379876,24.889956,26.97034115
Gene_146,23.93818696,23.50664212,23.69686567,29.46399422,24.25652345,21.74156339
Gene_147,22.07648883,23.30620722,23.88142601,25.47901448,25.35317694,24.67553067
Gene_148,26.37583355,27.39415533,25.66640995,25.10638585,23.45386616,25.69154946
Gene_149,29.20021788,23.90274528,22.88219816,24.60298509,23.39516078,24.01561815
Gene_150,22.42593905,25.60609139,24.82830091,25.98529552,27.74713227,24.04262646
Gene_151,26.57547769,24.88605893,25.99586599,25.07448212,23.23728787,23.72453148
Gene_152,26.53808448,23.08430122,28.26797931,23.9081761,25.63157612,25.20684141
Gene_153,25.66440516,26.18212382,25.95890376,24.13504787,23.06322684,27.52459672
Gene_154,22.98324678,25.34620975,28.42952598,24.31103059,24.53878071,22.95140178
Gene_155,24.76109479,27.79956671,25.90632007,24.36066121,25.78072456,24.80199308
Gene_156,24.43920933,25.23491917,24.99351775,23.49660225,22.98092643,24.03486627
Gene_157,26.12597907,24.33690848,20.48693029,27.14820305,26.19007734,27.82640644
Gene_158,24.25512249,25.55658983,22.5506829,25.18764431,25.43783046,28.85545636
Gene_159,26.95394677,22.6288167,24.36207475,23.45386634,24.36678742,26.00146626
Gene_160,24.25083828,23.32821189,26.42454091,26.18249747,25.49093308,25.13262175
Gene_161,27.10542293,26.0205465,24.35497285,25.70045696,25.15008967,27.73249961
Gene_162,22.90164599,24.3337582,26.08729724,24.72484084,23.32069993,24.07676974
Gene_163,22.47968951,24.86807811,22.8723773,25.80176373,22.20587216,24.88635924
Gene_164,31.48207987,24.76955658,24.45174057,23.18724201,25.21226354,27.10045716
Gene_165,24.16628482,23.69897476,25.43401206,24.60231949,22.99055766,25.21142747
Gene_166,25.59645518,20.96262268,24.28122856,23.00169059,24.92956002,24.04917431
Gene_167,26.27313935,25.69766994,25.22566339,22.63237913,21.70384767,25.3699727
Gene_168,24.03243875,26.52327902,23.65850395,24.3372027,23.14193502,24.10473235
Gene_169,26.03372409,22.42256753,25.74869045,25.3360496,25.54422163,28.73983685
Gene_170,25.73792905,27.96480544,24.83789021,23.17398894,27.09064559,24.23355279
Gene_171,24.56923898,25.77030965,24.90590131,24.64988374,25.3385571,26.88152516
Gene_172,25.13058607,27.68328059,21.10242583,21.33910776,23.01113003,25.00228076
Gene_173,24.93186549,23.08565906,23.65266284,24.1065255,24.1693252,27.66070207
Gene_174,29.2569038,25.33356258,22.02071183,27.34133455,27.18727225,26.86144869
Gene_175,23.51732781,24.79997208,21.78856388,22.6971682,26.03736852,23.70248614
Gene_176,22.80800747,26.53701486,24.0122338,22.61413596,26.57408068,25.56411519
Gene_177,25.0755768,23.84828086,24.67840326,24.56027708,26.99340191,24.70836714
Gene_178,25.6209615,24.97980466,25.56720045,26.06934147,25.75493595,26.00556572
Gene_179,25.87304696,21.4426817,27.1825253,27.47221833,27.21876,24.90727818
Gene_180,24.08326933,23.44475711,25.88880059,30.30748146,23.05357209,25.94066931
Gene_181,22.87334773,25.25006777,27.02414068,26.60178648,25.59929051,24.76604179
Gene_182,27.52637035,23.58735702,23.94737942,26.34290705,24.32103536,26.91128481
Gene_183,24.30069922,24.91286103,24.38431965,29.05584823,25.40347779,25.62633389
Gene_184,23.26897427,24.06414805,27.17033777,24.39815139,27.65079594,22.36826915
Gene_185,24.52744086,26.21386027,25.00241437,24.57330119,26.00758696,24.95854064
Gene_186,24.60564821,27.33697662,21.63951057,25.5065403,23.74072661,24.32667419
Gene_187,27.21984058,23.35499717,23.30688896,22.15982391,24.29969177,27.23287348
Gene_188,25.16947458,24.38592688,27.01518412,21.32912669,23.09732275,22.69666133
Gene_189,26.50810757,27.87952252,23.77852548,28.61357875,24.8203715,20.91001006
Gene_190,24.00141597,20.60215349,25.66688827,23.85000851,24.0008062,25.93535066
Gene_191,25.42889062,24.36032442,25.02844539,24.08423829,26.58314539,26.88392413
Gene_192,24.35062818,29.12940857,24.00728479,23.01408847,24.01454479,25.90582071
Gene_193,25.18916706,29.38718014,24.29842722,25.28814519,26.42062942,27.7055653
Gene_194,23.20927328,25.31319065,25.7834411,26.18228104,26.44146027,26.80391138
Gene_195,22.37839693,23.2727821,25.41915766,24.54277752,24.12933957,23.13937974
Gene_196,28.99442677,25.33091484,27.46934028,25.02940939,27.85298349,26.86104999
Gene_197,26.20141765,23.69445121,24.60036043,26.90278583,25.05384861,23.82244672
Gene_198,22.49745728,27.90563456,23.15358392,24.97846385,23.69436316,27.21017512
Gene_199,23.77766817,23.38703469,25.3318062,23.87731306,25.1487987,26.98576382
Gene_200,22.62903983,25.74582319,26.41066911,24.87877984,23.01807496,24.90042392
Gene_201,29.3976207,26.23970015,29.56393391,23.31534731,26.30198656,27.13587432
Gene_202,27.62482595,23.48497968,24.07263397,25.20377617,23.20966402,24.46420496
Gene_203,24.46970989,26.70304936,24.34729286,23.20414843,27.58598587,27.0220112
Gene_204,26.08638812,23.50414006,26.76498642,27.78785089,20.85158683,20.3871309
Gene_205,24.1713201,26.26047966,27.56257225,20.02695219,22.77507976,22.89721544
Gene_206,24.04750621,27.19332327,23.68263629,25.80258827,24.32330822,25.29511485
Gene_207,23.42279432,23.02311416,26.32914091,24.02394555,23.59860496,23.97868066
Gene_208,23.81076547,27.21599008,23.86968497,28.97429762,27.69389034,19.66408353
Gene_209,28.30181493,24.02093426,23.07564346,24.53107314,24.87914806,23.32953875
Gene_210,24.89194375,25.58870678,26.2467218,25.96367472,25.70960883,28.22791717
Gene_211,25.23849047,25.40367494,25.21299554,25.77378794,26.41473911,22.58244222
Gene_212,25.48737486,24.14560723,25.77866176,25.49534482,25.3057559,25.33387608
Gene_213,27.46495176,25.53620574,23.83899301,26.03623967,26.92202008,24.01220271
Gene_214,23.96787234,22.53913815,28.58995591,28.99482747,25.87943245,25.036632
Gene_215,23.0149857,24.72772626,26.33057602,26.85501765,26.39642761,24.6452701
Gene_216,28.35139386,26.65158166,24.25119515,25.3928483,22.02798507,24.72817152
Gene_217,24.11767357,20.6517507,26.40549786,28.58053244,22.74735653,24.75498369
Gene_218,23.55386806,22.02414763,22.57097123,26.1663955,20.54718503,20.64601282
Gene_219,22.52745376,22.67612488,24.72449975,26.3006672,24.49345427,25.00111917
Gene_220,22.43056856,21.82182061,27.8067158,27.4900603,27.86351299,25.25670393
Gene_221,23.85205304,25.83916608,24.62232138,25.32221325,23.04319434,25.82467338
Gene_222,26.23597163,23.0141433,26.82098074,26.45098138,25.63012644,27.73447835
Gene_223,27.21969628,20.67090583,24.556156,24.45103956,25.88191233,25.07352028
Gene_224,26.41517671,23.72486247,20.4039472,25.24967213,25.4770528,25.54154379
Gene_225,24.27268541,24.2187295,23.23957491,25.07928525,24.43155477,22.14468738
Gene_226,25.11949987,26.71357095,25.44547138,23.72053392,23.76371191,25.19914936
Gene_227,23.59080707,22.79249573,27.89310542,29.06930644,23.72646408,21.88909624
Gene_228,23.56556368,27.32257851,23.81319575,23.8822048,25.03490649,28.99697861
Gene_229,26.769301,25.79672543,25.55195802,24.28844118,27.59927682,24.28595486
Gene_230,22.96881484,25.72470432,23.07036142,27.64883478,23.41298503,25.70432178
Gene_231,28.91058793,23.29494866,22.96708752,24.95875554,24.75493123,25.8826716
Gene_232,24.81936081,28.90733576,23.44536671,27.33625285,25.19853631,22.38501404
Gene_233,25.42907765,24.67145834,27.73812413,23.78528576,26.58282698,25.93376171
Gene_234,23.52294459,21.35020483,26.88062018,24.97431668,24.53734377,22.85420011
Gene_235,23.85122262,24.59228706,26.18733031,24.49812624,26.27543461,25.91701133
Gene_236,22.36596774,21.13111186,27.23092511,23.06177272,22.00653438,23.76238982
Gene_237,24.63414922,24.37897977,24.15115001,24.39337609,26.43679931,23.64012522
Gene_238,25.83796481,24.15554599,26.51915387,23.68946572,25.19274202,25.82841236
Gene_239,25.64860869,26.36365938,25.41925856,26.71489465,22.80870945,25.73285457
Gene_240,23.43692703,27.01899237,22.90179815,24.41803283,20.33928273,24.50218667
Gene_241,23.42275606,23.54779007,23.33787556,24.83443759,24.26932673,23.52734115
Gene_242,23.99560256,26.61221774,25.10010586,23.34431061,26.33772146,25.38801151
Gene_243,27.99212134,27.84864622,25.41126012,25.43039801,25.63811059,24.90249244
Gene_244,22.72539276,23.43171199,24.35728316,21.77612729,24.27166722,26.91900096
Gene_245,24.64189681,23.69519127,23.00701751,19.10025643,25.10013071,23.73583213
Gene_246,28.80472364,26.30155673,20.81821612,28.76021269,25.3119812,24.75386505
Gene_247,24.79805023,25.36609594,25.85047096,26.51452339,23.49517895,29.54156643
Gene_248,22.28031859,26.09754992,24.40945658,26.26945727,25.10911016,22.43216715
Gene_249,23.67046113,27.80936859,26.09832177,20.52698347,25.22453709,25.63450284
Gene_250,25.97091996,25.77416624,21.90821637,26.35425823,23.55433708,25.82130103
Gene_251,24.24879426,27.10340254,22.49332813,26.03962854,25.39639113,24.102219
Gene_252,23.87624727,26.24581092,24.77733625,24.84468992,25.62112063,23.58064787
Gene_253,24.31216553,25.86724078,22.17437293,26.65007753,26.0526472,22.08559188
Gene_254,25.18099329,25.77216888,21.0340923,27.24113806,26.42209304,22.1648071
Gene_255,28.19701754,27.58264661,26.56719082,24.7556728,25.82062123,24.47195862
Gene_256,24.82286978,22.99548025,26.80173868,28.89067416,25.60279785,27.50557362
Gene_257,27.16159899,22.78963454,22.94007272,26.9767254,24.80913981,25.10741537
Gene_258,26.26150823,26.18389201,24.45588546,27.44877076,25.89752061,28.09143941
Gene_259,24.77272021,24.76062067,22.73205419,24.36976477,22.46150992,23.79552742
Gene_260,21.93419599,25.14801042,25.63285383,24.73775429,26.30854039,26.1572052
Gene_261,23.95776536,26.48255475,24.9406434,23.15482916,23.93018125,25.24879721
Gene_262,24.02025909,26.5065901,23.2610791,25.81473817,29.67505765,25.72530018
Gene_263,25.09430887,24.47465899,23.45156491,25.52802287,23.80732388,25.41080308
Gene_264,27.60039736,24.37491226,22.87583761,25.18256711,19.22474034,26.55545515
Gene_265,29.58615795,25.14719722,25.87274852,23.63862514,27.7441706,24.98453634
Gene_266,28.09516212,27.12603558,26.1420177,24.53606101,23.80269524,26.9370047
Gene_267,24.73369807,25.85204097,25.75294979,28.97022357,26.18590184,25.98036983
Gene_268,21.48694521,27.86601502,23.31422061,23.14168129,25.45148414,24.98092536
Gene_269,24.22244027,24.98472626,21.42766074,24.18781953,27.19262412,24.77438002
Gene_270,25.17841445,27.25133521,26.06175133,22.19313489,23.19346795,22.44665758
Gene_271,26.69002601,26.76600462,24.64588211,22.51854186,22.62187682,23.7027988
Gene_272,26.92505594,26.22416692,24.9212153,24.4264696,27.129938,24.47338487
Gene_273,26.36861886,25.82940141,27.06425597,24.2174254,23.08286506,26.87126862
Gene_274,22.2094513,24.44023521,23.21296833,23.76619687,21.93261176,26.58263804
Gene_275,26.69928609,24.78192498,27.28803065,23.45231138,26.55593899,23.38744997
Gene_276,24.10688557,25.45879099,24.17361701,24.60674615,24.86948345,24.04735455
Gene_277,25.3496054,25.09777778,23.57362436,27.26804109,29.55640845,28.4742788
Gene_278,25.14910235,26.88644894,24.58850771,24.28439763,25.68721925,22.17496581
Gene_279,25.85633353,24.78136575,25.78003946,22.43359227,24.29381452,25.35870413
Gene_280,25.04934997,24.85924616,24.58556871,22.86189639,23.7456309,25.55531192
Gene_281,21.6650498,24.03136182,23.19898556,20.9913047,28.36921735,23.99659355
Gene_282,26.47299193,24.72332734,24.43675144,21.57896736,22.57014423,22.25501908
Gene_283,25.77205314,24.86246872,19.9161378,23.50515963,26.23392409,24.2129651
Gene_284,24.46869675,20.37252845,23.98297664,23.04716908,26.12336003,30.37704866
Gene_285,25.23628902,22.27033661,25.91193244,22.70194778,23.85438814,24.78046644
Gene_286,25.26807729,24.85502618,24.66148045,28.97848731,28.07143576,24.55375807
Gene_287,25.44203894,24.46943245,26.37665544,28.50226217,23.50468907,25.35873386
Gene_288,28.28169233,22.59826134,25.97196487,30.1288186,24.96105628,22.66236812
Gene_289,24.56189924,21.01692365,26.29129349,26.5529918,25.77525681,26.50239305
Gene_290,25.33613077,24.29126156,26.31208989,24.67750291,29.64625195,26.43879221
Gene_291,27.33676775,26.30699153,21.52283848,22.91347861,26.23030448,24.30370965
Gene_292,27.10836205,28.54647726,25.00831936,22.79846748,28.46309606,25.11866769
Gene_293,27.29052622,24.92308641,28.26013467,24.00625211,23.54287475,23.98992304
Gene_294,23.845064,27.98636968,24.03902955,27.56104185,21.50911939,26.37978346
Gene_295,29.00496546,25.16604432,25.90560488,26.33294112,26.77871357,21.68244245
Gene_296,25.13340174,25.23106421,25.28678746,26.77900039,21.743062,24.555498
Gene_297,28.73370369,25.64965063,26.11402445,24.62575714,22.31557927,26.24684331
Gene_298,22.29819463,23.25884551,24.45593977,21.89272731,26.2215404,28.37467288
Gene_299,25.04196717,24.89656357,23.70340141,25.65280534,24.88844675,23.182997
Gene_300,27.49982914,26.8168954,25.14392169,24.57077606,26.69403856,22.76275581
Gene_301,23.56951563,23.50054843,25.41562966,24.39208339,27.86634948,24.78357798
Gene_302,23.49462206,24.35678786,24.62933542,29.36834646,26.82548977,24.88496153
Gene_303,23.12292259,22.7044585,25.06288133,26.73938257,25.76465996,26.5160845
Gene_304,22.89497344,25.70870439,25.82270387,24.54318759,26.10403723,24.77122379
Gene_305,24.12568093,25.84959956,23.44763222,21.19310716,25.2896533,23.85196343
Gene_306,25.66235835,26.2966947,27.27935531,24.42671706,28.41678457,28.77987849
Gene_307,20.971579,22.56037994,29.40152054,26.98077784,25.10477876,24.34169392
Gene_308,25.42396087,25.21447007,27.95441066,25.74564199,26.61428766,26.76175569
Gene_309,27.47335009,23.11188462,24.0911643,25.54421474,23.11976744,26.48883268
Gene_310,29.07514804,24.9992307,21.35422546,27.09018728,25.07848447,24.12051458
Gene_311,27.60235198,27.68524784,25.10839591,24.66198003,21.00474534,28.32487272
Gene_312,26.51354953,23.99294943,26.76054644,24.30839595,25.2774592,22.68840271
Gene_313,21.5465392,26.43336664,26.5562134,24.49206773,22.02344647,23.12452252
Gene_314,23.79698658,23.50066283,22.54050645,26.46902585,24.73425123,27.3342436
Gene_315,24.29590709,24.04294358,22.77370298,24.46130374,24.51976625,21.88508352
Gene_316,26.40704781,25.8774435,25.26748927,26.52060228,26.94403856,26.2747144
Gene_317,24.78865733,23.64177546,26.25216269,22.54363276,23.7155371,25.39489903
Gene_318,22.48270274,21.59407033,26.74586333,22.45786996,23.67164311,26.47894664
Gene_319,28.36887142,27.53033687,26.63278396,25.25476722,21.05397258,26.56287178
Gene_320,26.82278258,25.72071448,23.06404902,26.52076632,26.2407634,23.66889816
Gene_321,25.47486054,23.83272112,22.37478989,24.18469417,27.17734324,23.63115538
Gene_322,27.43621722,21.01184243,20.97496044,23.84515731,24.54784552,26.62859123
Gene_323,22.32245143,28.80441954,26.0098654,19.32124767,27.96047588,26.77676805
Gene_324,26.3216406,31.78074164,26.65622313,25.74864175,24.18048789,22.77265653
Gene_325,23.95417525,25.41496081,25.67170138,23.19429004,22.99535592,22.53621661
Gene_326,26.36749104,26.6996133,22.88175111,25.80514981,25.4582908,22.85068036
Gene_327,24.87835609,27.44912062,28.1354335,27.85442345,26.37256908,24.97044188
Gene_328,26.26592143,23.59639113,24.25970675,24.00816191,22.01295925,24.95787927
Gene_329,27.67103523,24.29760754,28.55807672,26.39345076,21.7287332,29.65518377
Gene_330,25.01458018,21.54575793,26.10280401,24.69490845,25.09283976,26.07515724
Gene_331,27.03511727,23.52684354,27.38062129,25.73720927,25.96087057,24.69813247
Gene_332,22.62313193,26.24481957,25.66120445,22.68840123,20.31102725,23.9441196
Gene_333,23.55679112,24.41856802,24.87069554,25.83564719,21.587625,23.92988705
Gene_334,28.03843542,24.57157693,22.97490386,27.60992309,25.61553988,23.76025749
Gene_335,25.75477595,24.7748809,23.88297162,28.59342371,26.77746891,22.81170569
Gene_336,20.89555436,21.27266604,24.90578433,22.62523869,24.23812882,25.34952882
Gene_337,22.2719251,26.67525987,25.56414814,26.06737002,27.40084474,18.62162779
Gene_338,24.59843797,22.11301422,24.93356158,23.98395166,23.77242716,22.66111152
Gene_339,26.73155881,24.58285968,24.64405602,26.04544126,24.66660837,26.983127
Gene_340,24.79623349,24.12287308,25.36697103,24.64307228,27.69948548,25.29839386
Gene_341,26.24837494,24.56281237,23.95125591,24.50393347,24.83688527,26.10926214
Gene_342,26.91801076,27.91993189,23.92812509,26.36419899,25.0517462,23.8206186
Gene_343,28.34210966,23.83588016,22.0885906,26.49240305,23.20025859,27.81912911
Gene_344,25.11203347,23.43380481,26.69254294,25.55815408,25.13402121,24.40511265
Gene_345,24.89603619,21.96069201,25.09386474,25.92809876,23.71146883,26.17470963
Gene_346,21.49352528,23.38860384,24.83275153,25.75692083,21.40112097,25.02734655
Gene_347,25.19865519,22.66763059,23.51816277,25.556748,23.05901626,25.95818903
Gene_348,23.85629988,25.81589239,24.50445227,25.18246032,24.52270182,24.11709229
Gene_349,23.05198083,23.27399151,22.82643429,26.83122045,25.32726349,27.48801561
Gene_350,24.64018754,25.60808407,22.9014053,26.41979858,27.13607179,23.96473253
Gene_351,27.02988635,24.70714502,21.16209646,26.58786568,25.07706845,30.71987327
Gene_352,21.01450302,22.13287564,26.96339755,27.213937,24.74518655,24.67654253
Gene_353,24.14544143,23.41878443,25.25192816,26.09867467,27.21226678,25.25225299
Gene_354,25.23327457,26.77022491,22.76644725,24.69400334,29.83011279,23.75971279
Gene_355,23.21358486,26.80615217,27.32757321,22.82105915,24.8291245,26.46605725
Gene_356,25.66780588,29.01114655,26.24918337,24.02393509,27.35597118,25.37775896
Gene_357,25.82285984,24.99283938,26.48476455,23.26009017,25.97236573,26.27066265
Gene_358,24.93392768,22.00834637,24.54845887,24.40298283,24.84790804,26.42634142
Gene_359,20.06820361,23.46316595,24.15425599,23.94941085,21.1582299,23.46222452
Gene_360,30.14291629,25.81697701,24.8038942,24.60662837,23.06489451,26.65173275
Gene_361,24.58940149,28.80027267,25.80938131,22.95220016,23.88651214,22.62022524
Gene_362,26.30238656,25.22001825,26.59982921,23.75539577,22.77958563,25.30672606
Gene_363,25.54753298,27.28077365,28.1789383,25.71117431,22.67750012,26.82524433
Gene_364,27.04934647,26.53616261,23.98185919,25.42721191,24.17414903,21.81707115
Gene_365,26.63531889,22.66381676,22.9688705,24.19186064,26.90377887,24.11720078
Gene_366,24.58041366,24.6577747,25.20171733,27.02564466,23.15963895,24.19407809
Gene_367,25.75633554,27.61052307,31.04420837,21.71774112,25.23635024,20.87539456
Gene_368,23.10918234,26.75219222,24.14276831,25.96551722,24.59401441,24.59487025
Gene_369,26.71384602,25.92759228,27.29136244,28.13966113,26.5861996,27.81517738
Gene_370,24.07792332,25.95422849,24.51380358,24.18430448,25.07687368,22.18521186
Gene_371,29.83354671,24.0171894,24.04291352,25.77516984,24.66367402,22.80109659
Gene_372,21.69790221,22.36122937,23.57916576,23.88342399,23.83162118,24.21384901
Gene_373,24.07202551,27.59085158,24.57751074,24.95596993,26.78379733,24.88107391
Gene_374,26.65075973,22.15956102,28.28356894,26.63120692,27.27866615,25.20985081
Gene_375,26.02026509,23.12220816,25.60369344,23.17197104,25.03888497,25.37799044
Gene_376,23.82103792,26.25792999,25.97465825,23.8903584,31.5435655,24.4435951
Gene_377,23.00643852,22.4756109,26.67747158,26.06444669,24.99401358,29.71839383
Gene_378,25.28895141,23.89625917,29.14348303,25.83141938,30.8476479,24.10473092
Gene_379,24.97138517,22.63440099,26.55123768,26.61371836,24.73224096,22.3292866
Gene_380,21.41943753,26.24132712,22.14577729,27.50549639,21.85858588,21.87043703
Gene_381,25.06910213,25.89262603,22.93297733,26.53970548,22.15046684,24.60104089
Gene_382,25.38046063,25.84376939,21.82108977,22.84473479,23.25706011,23.92063257
Gene_383,25.34945279,25.88492954,19.30290646,25.30756273,27.95681596,27.09913744
Gene_384,22.88996591,26.11449149,27.58146786,24.20182516,28.4066466,24.62561714
Gene_385,25.95226656,26.27871298,24.01255225,24.988285,25.79521719,25.15840412
Gene_386,27.75714027,21.06267689,25.78994136,26.83472471,25.61699059,21.764694
Gene_387,25.91247281,24.70236728,27.36323571,25.55231089,23.92608941,24.52012403
Gene_388,22.72882306,25.22492763,23.97633461,25.31037672,23.64664881,24.45622615
Gene_389,24.12870906,26.44935241,24.7300647,24.75977051,23.5641938,22.19392698
Gene_390,25.69220724,22.62502785,25.70051236,25.79403701,23.25890001,23.1740967
Gene_391,23.70590874,24.00079962,25.45175844,22.64274962,23.9201551,23.25361689
Gene_392,20.68470733,22.85271402,23.4513695,24.15690395,23.75462046,26.65438636
Gene_393,26.76850164,27.11448043,26.46163122,28.23315207,26.0570749,26.11605377
Gene_394,23.34104478,27.55814517,26.09127106,26.23224569,26.54163734,26.3888499
Gene_395,23.85287946,26.57535345,24.42310141,23.07641195,28.20636151,27.81164306
Gene_396,28.00780122,22.55519323,22.55523818,22.54288668,20.10275729,24.35721082
Gene_397,23.45171014,25.90390423,26.26666719,23.08133949,25.99023936,27.36611382
Gene_398,26.69146308,27.30089837,27.85503931,26.16031371,24.36306304,24.46853065
Gene_399,22.47863424,25.33588196,27.76103499,25.86631793,24.46721879,27.31235974
Gene_400,24.29091519,23.86778133,26.74526913,23.86283539,21.71659178,22.49390795
Gene_401,24.85288796,22.82776352,24.03372986,24.26263132,24.93424389,23.79159408
Gene_402,22.66269715,23.66939441,23.93730616,26.95645614,23.44798579,26.82683192
Gene_403,23.73050347,26.42969671,23.82463049,24.38585278,25.71151886,28.3149127
Gene_404,24.94231689,24.1366778,24.17660426,24.88318144,22.77438163,24.92224483
Gene_405,26.34139194,25.45522988,26.41837124,25.70506749,31.89198396,24.3374171
Gene_406,21.69890691,27.58989159,25.51279351,24.63534474,23.43580227,26.25213368
Gene_407,24.30049152,26.15666988,21.28727883,23.52994719,24.43559338,24.75871283
Gene_408,26.51281288,27.72934556,21.27882474,24.17411745,22.54246762,25.0272514
Gene_409,23.92238168,21.59684039,24.95433181,22.83799913,24.34965401,25.50442697
Gene_410,25.45458384,24.43864744,25.29987749,25.93862523,29.26850921,27.17901228
Gene_411,25.98445714,25.13013604,20.38505132,27.66408025,24.22621583,22.8688682
Gene_412,25.53567003,26.15717858,23.36710555,25.48852527,26.22040772,24.11749038
Gene_413,26.30651536,22.66158676,25.0551223,26.62545845,23.12044045,26.20063929
Gene_414,24.75458268,26.61236971,27.92357183,23.69772995,28.07672718,20.7124842
Gene_415,24.17264697,25.61478015,20.97426254,24.71938245,25.9367032,27.59088631
Gene_416,19.7137021,25.52761203,22.48911144,24.72777569,23.56673394,23.7028006
Gene_417,24.81411796,26.01696958,22.83938631,22.13871875,25.46087789,22.91127505
Gene_418,25.86056939,24.76728312,25.35079216,25.17778589,24.22627262,25.33515267
Gene_419,26.07079768,26.8510922,25.66167844,25.95847452,26.01741693,29.46755483
Gene_420,23.8894433,26.29645955,24.35862154,26.36681291,23.38120681,23.65543613
Gene_421,28.55900582,24.69958125,21.77534262,27.63130808,25.92643172,22.01076736
Gene_422,25.57284884,27.08075404,23.73889517,22.05470113,28.16635672,24.7336798
Gene_423,25.25263172,25.58511737,23.87902803,26.23530292,27.52552326,27.34046757
Gene_424,27.54453356,26.3375028,24.59483743,26.43414815,25.60998503,24.44577942
Gene_425,23.56306756,23.81164472,28.24577036,24.57994838,25.66735327,26.19947129
Gene_426,24.09932275,28.16086367,23.64645894,26.20491867,25.84300602,27.31321813
Gene_427,29.79490496,24.99202211,25.15252881,22.17093505,26.79675951,21.57232632
Gene_428,25.02225837,26.69568554,23.58920332,25.42878935,25.77185429,26.20014795
Gene_429,28.26713684,24.79976695,22.5195443,18.74182362,26.21218023,23.96585549
Gene_430,22.12298671,24.44074019,26.2718958,25.62411661,26.27562306,24.88081508
Gene_431,24.6189664,26.56887649,22.89874264,28.20312691,25.45558769,29.49002043
Gene_432,25.75684781,21.83076671,30.47041838,28.08397406,26.44089885,25.50453666
Gene_433,25.60007709,25.9567323,25.18512588,19.68066124,25.11567871,26.6215578
Gene_434,22.98872748,25.78713275,25.12050715,26.07005369,27.02257277,23.02068449
Gene_435,25.03851855,19.60934126,24.86690958,24.30055801,24.14349725,25.86035545
Gene_436,22.84515869,25.73675466,28.68729108,24.94998388,25.38754188,24.75286378
Gene_437,26.42540665,20.66316451,26.32785422,20.56773309,25.06492822,24.53614132
Gene_438,27.16955018,26.31960875,24.49801871,25.770081,22.85169089,26.11589531
Gene_439,20.55002461,24.09217253,22.66762039,23.94655862,27.39765198,21.99140926
Gene_440,27.47138692,23.61012635,22.92254448,25.74777898,22.67513357,27.78105554
Gene_441,22.51791101,24.98630739,23.43002139,24.6175636,27.61025844,29.56527201
Gene_442,25.90953854,27.74610409,27.42989686,22.94912489,22.86306705,24.11759884
Gene_443,26.31980528,23.72935385,24.62203685,25.66639267,23.03583307,26.03760915
Gene_444,24.60022034,26.11620659,23.48560275,26.19013814,26.72177698,29.1077223
Gene_445,23.70977209,25.68231574,26.58411896,25.10863857,24.83651015,23.23588181
Gene_446,25.33064204,22.64096274,27.69036004,26.13420317,21.30961832,25.09425296
Gene_447,25.8776374,21.51795597,23.61093703,24.07197874,28.00684076,29.61726927
Gene_448,26.76660564,21.01482846,24.11013491,27.56960163,20.02294514,23.14947906
Gene_449,20.89532603,26.10254842,25.69056837,24.28405544,23.61494796,26.91095764
Gene_450,21.72724146,24.93051588,24.99031113,23.84069622,21.95932131,25.94700202
Gene_451,27.86080468,28.70114341,25.81273294,27.08318556,23.864065,24.27374109
Gene_452,27.09325769,26.14735022,28.42839705,27.22976436,25.17736226,25.72370736
Gene_453,25.8705779,26.69939178,24.87922689,26.36131127,24.33291845,24.33561582
Gene_454,26.43035681,27.66876717,24.43859546,25.44101332,23.8422917,26.52076932
Gene_455,26.83434984,23.9985618,25.97082892,28.18977197,24.67240829,23.98086103
Gene_456,19.6781544,26.02019586,24.90131094,22.97871821,25.53833082,21.48569536
Gene_457,27.22055419,26.73758654,26.25553012,27.27553999,23.28848084,26.62639544
Gene_458,24.03002481,27.73870338,24.5520577,28.42878767,20.85028755,27.26465464
Gene_459,25.46123366,26.52530229,25.88704543,25.10921915,23.14830827,25.22307793
Gene_460,24.4096844,25.84229435,21.87251858,26.17144401,21.19128442,23.33974672
Gene_461,26.74392991,23.26355191,25.02780732,26.21940439,26.27067747,24.03481997
Gene_462,24.3030551,26.45912072,23.96756803,27.38716402,28.74031678,22.36563137
Gene_463,26.03700753,26.00053174,22.61891485,23.28237915,22.70907612,22.22524797
Gene_464,24.21863004,26.26850051,24.17386158,26.79141239,23.22912911,27.26478691
Gene_465,22.81442558,25.84729009,25.74398989,21.58210587,23.2489322,20.88297095
Gene_466,27.42002102,24.59632391,25.18468593,29.15380709,26.57678091,26.117387
Gene_467,26.48180002,24.8462682,26.38696753,23.85732048,25.06268937,24.23164994
Gene_468,28.44852448,26.37472823,26.88179849,24.36761807,25.97789563,22.34868889
Gene_469,25.13030787,25.34326301,26.65692806,25.51777035,26.54293976,24.53498498
Gene_470,27.25000549,23.33978285,24.35102165,22.49937588,25.49566922,24.6218974
Gene_471,28.95083811,24.41968176,22.3436876,24.47421031,25.89566328,27.40460335
Gene_472,24.43703577,22.36174855,24.43933006,25.12297488,22.67486947,29.79766647
Gene_473,22.35409777,23.06593619,27.33931087,24.32006502,24.87642344,28.64581798
Gene_474,24.52129687,24.71077786,24.75704727,29.05258812,23.76779307,28.25398293
Gene_475,24.57191752,21.40373489,21.7254167,21.4264787,22.39034139,28.23177272
Gene_476,25.30336101,21.62291505,25.98276645,24.78922317,22.66203131,26.85747079
Gene_477,28.42460995,27.2051304,25.56363862,27.35769458,26.8752191,24.09096717
Gene_478,24.34771221,23.84676215,24.19879329,23.32767039,22.39890603,25.34234585
Gene_479,25.74600931,21.29661654,25.34672301,24.72209776,24.19134395,21.93880948
Gene_480,24.54463187,24.77427352,27.73877534,28.88656979,26.9651301,23.44433465
Gene_481,25.04090142,27.64213853,27.59839219,21.2653088,25.65851899,23.25393097
Gene_482,25.62811533,26.32450859,24.08740621,23.39280427,26.30469447,22.8196574
Gene_483,27.65642939,25.8827664,25.02132972,22.60318287,25.66275872,27.82531178
Gene_484,25.24263675,27.36749182,22.09182171,26.25904277,24.70224933,26.00009593
Gene_485,26.42568464,23.45699712,23.54449335,23.26774295,20.60056484,25.52901411
Gene_486,26.55772006,26.45937838,29.01648079,25.93561121,23.78232297,24.97734674
Gene_487,26.82954654,23.82582877,27.99601937,23.70838724,22.24338406,26.97187058
Gene_488,23.8512109,25.00152837,24.54149055,24.69494888,24.24383143,26.76927554
Gene_489,28.25376243,29.42893064,23.61506971,26.71242976,29.10821415,23.19027627
Gene_490,24.23808652,26.93886879,22.26675341,25.27400751,25.27645081,20.9923513
Gene_491,24.78843166,26.53601543,29.25210371,21.11858909,23.56170744,22.64305113
Gene_492,27.80810054,22.78334418,25.22925945,23.92822507,26.77738488,24.01025776
Gene_493,27.58816781,23.42752816,23.81210218,26.4271902,25.98274586,24.99351414
Gene_494,22.82001626,29.56823296,27.15613468,28.72029664,24.83929986,28.00681165
Gene_495,23.253858,22.81339847,22.80082833,22.77034771,24.5447375,26.26953867
Gene_496,22.28384188,25.42895875,26.4531284,24.54275793,24.70902883,26.37088934
Gene_497,25.36369439,26.78514212,27.8817406,24.83682024,24.85715995,26.6209566
Gene_498,25.32968174,27.03751594,24.57965968,23.53486703,26.23906049,24.73914847
Gene_499,25.72822937,27.17822402,27.90256189,22.23473435,25.25531335,22.85183367
Gene_500,26.10431543,24.67374202,26.28310286,28.6775932,23.74524671,23.20491349
Gene_501,23.79621431,23.35802661,23.64238476,27.95666892,26.66874299,22.28553874
Gene_502,23.01260282,24.38548553,26.14862547,22.18642657,23.6031921,22.41460439
Gene_503,27.05357011,23.19580398,23.59097095,21.23205574,27.61848096,21.96558539
Gene_504,26.50212261,26.25413749,23.93203189,24.44526754,23.03964475,26.71835206
Gene_505,21.98166693,27.24071006,26.54876921,25.86085561,26.49597021,22.57076493
Gene_506,24.8097051,29.2544271,24.04875721,24.74242666,27.51559324,26.23811076
Gene_507,23.20810435,25.73222877,24.95114524,27.25852919,27.4443667,29.69075986
Gene_508,20.85849786,23.25043725,27.03801619,24.50694301,24.77567831,24.60394418
Gene_509,25.30024026,27.04894973,22.58883921,22.66890437,26.38440029,24.63198466
Gene_510,24.84157658,26.80951779,28.19058773,28.03976459,20.724717,26.67747506
Gene_511,24.80526146,24.52350261,29.08391092,24.53194651,25.88847197,24.97098491
Gene_512,25.43230508,21.88429019,26.2289625,24.43205283,24.78142625,23.47233354
Gene_513,26.76493033,26.52261979,25.84386235,24.47368343,26.19964931,22.16092332
Gene_514,25.41119501,27.25828879,24.00715666,25.11200861,25.21751815,25.18662374
Gene_515,23.76712831,24.40978434,25.98192283,20.36267622,27.5895938,24.14569899
Gene_516,23.5304015,26.07248564,23.99603566,26.36659426,24.65869849,25.78473494
Gene_517,24.73639441,24.44821905,25.57633964,26.4424638,26.46747904,25.56402768
Gene_518,25.62003397,26.36463049,23.62674798,26.25849038,24.78808784,27.59605679
Gene_519,22.92063929,24.76541857,26.57680757,24.17774876,26.31152514,26.20043768
Gene_520,24.63138226,24.31064827,26.38273768,25.19861685,22.53746781,27.27282258
Gene_521,26.93453452,25.223241,27.48599802,22.13017466,26.21313903,25.13934883
Gene_522,24.78343982,24.43318937,28.96441942,25.71956071,24.22081909,26.6318374
Gene_523,23.60315866,23.81796567,23.70711633,23.36588929,25.78963004,24.50537043
Gene_524,24.44810966,24.36812614,26.93237858,27.63378585,23.2493629,24.69272619
Gene_525,27.22929709,24.9836957,22.14546511,23.14835286,26.08328182,25.14936188
Gene_526,26.10008792,25.41499028,24.08503248,20.88182923,30.98305065,22.77947277
Gene_527,27.4733516,28.06484724,26.89093337,25.34531837,28.08104101,22.58883103
Gene_528,25.27819571,22.28400434,23.5232217,21.73888773,26.96075759,24.41867755
Gene_529,25.82055019,24.6007619,25.6912814,23.14430676,23.76197006,22.19670891
Gene_530,23.88308618,26.26304626,23.19911061,26.60806458,25.64972093,25.19136518
Gene_531,26.21074134,28.52404181,24.25929859,28.7446635,24.68332334,26.5966332
Gene_532,23.98733292,25.85202873,24.91840615,24.47464382,21.02974221,23.23510775
Gene_533,22.15886899,24.97249317,23.77536247,26.9433026,24.51966421,25.10397812
Gene_534,25.25598593,24.38488618,21.10829582,22.24527228,24.36692391,21.91803541
Gene_535,28.89170244,25.82861633,25.48619266,28.46100263,24.82073937,26.86975145
Gene_536,26.60182868,26.97811584,25.94980019,24.98982564,23.93598601,24.285651
Gene_537,27.33050678,24.63228338,25.27342915,23.44023951,26.30365792,28.06103722
Gene_538,25.71771145,25.32752281,24.02250455,25.79508784,28.83716116,25.08361887
Gene_539,23.78288564,25.43387269,26.80040731,23.38150213,27.3113143,28.7197195
Gene_540,24.59551829,26.45855527,27.15507132,25.10064606,26.32037036,25.66977337
Gene_541,24.45350379,27.22276081,20.25265829,25.20354408,25.11013818,24.62067025
Gene_542,24.06260044,25.55832163,27.24914968,27.33824709,25.15146476,27.02412999
Gene_543,26.40833457,24.84765866,21.44090451,23.86681781,27.31504516,26.05989863
Gene_544,22.605273,27.78932626,24.31089928,24.24931942,27.5632978,23.88896005
Gene_545,26.73273226,25.32906824,22.78165377,25.24798708,23.81610629,26.40450005
Gene_546,26.72830497,28.15570396,23.73978843,26.79474896,26.8996067,26.26174742
Gene_547,22.60275528,24.87615468,27.63376754,28.79119399,22.63378043,25.74583535
Gene_548,26.278984,26.22784593,26.06902678,28.16437291,22.61468279,24.28707284
Gene_549,29.8604533,21.90782281,25.98779617,26.92051071,28.19156667,24.8995468
Gene_550,23.88556904,24.77521608,20.84401514,21.19384605,25.07387854,26.75772562
Gene_551,26.68980848,24.95641092,25.39265069,26.89464951,25.0675642,27.24937497
Gene_552,23.43559631,23.48330917,26.25760631,26.50684074,26.95804604,25.59578249
Gene_553,27.22142284,22.92821423,26.72189429,23.60440575,24.60668683,23.38625029
Gene_554,25.49964944,26.89631861,23.0535053,23.87013958,23.30667123,26.50762578
Gene_555,28.30383078,26.82831747,26.8750861,22.26169931,25.27671465,25.29978671
Gene_556,22.08205854,22.40253601,22.20958844,24.97490605,21.58273333,27.27474326
Gene_557,24.89740423,25.84875759,28.47748604,25.18126003,24.05506779,21.7971479
Gene_558,23.94614965,22.77490936,23.40273142,21.49289908,24.68651968,23.51167969
Gene_559,24.60547026,22.89785355,26.53004877,21.83732473,22.11487463,26.06531288
Gene_560,23.74084251,26.0508249,25.63582269,25.34897015,25.36952867,22.29413003
Gene_561,23.33231284,23.627952,22.87279896,22.94623212,23.53453379,30.49738234
Gene_562,26.15744475,26.98695996,27.28851731,24.40156736,27.22815507,23.29640588
Gene_563,22.82483857,25.0770472,25.06675369,27.01543337,24.43791593,25.89442142
Gene_564,27.96806186,26.07229795,26.63681555,24.1481776,22.81799945,21.54405149
Gene_565,22.62758683,23.9527466,25.43638417,25.25412863,25.47844548,29.41010289
Gene_566,25.2021583,22.69755733,26.7369945,26.23154205,24.89356463,26.45163086
Gene_567,26.06597857,26.82950448,25.04336104,22.75068458,25.08063576,23.9721858
Gene_568,26.17347068,25.47614298,27.2304573,27.48535404,25.43090949,25.52226343
Gene_569,24.39650667,24.52186448,24.29563827,26.83403071,24.211958,23.57904567
Gene_570,25.15900399,25.13847065,26.05457664,27.54593059,24.34681825,21.56110297
Gene_571,26.9225283,27.65181669,25.75714304,24.14759779,26.29600764,22.82108239
Gene_572,22.08706817,23.60366673,26.68771955,22.07136082,28.25347403,23.17716142
Gene_573,23.43652058,23.50118311,23.75791501,26.0223259,21.14861245,27.28268979
Gene_574,25.64080463,23.76076989,25.355383,26.2370645,24.72863917,25.93241758
Gene_575,24.11043604,21.83001746,23.83966984,30.08073725,26.95936461,24.25922338
Gene_576,27.74000799,26.63925628,26.81727565,28.43898585,22.64157614,24.48748428
Gene_577,26.34650773,25.38473929,23.72662724,24.07023447,27.33362675,27.14453093
Gene_578,25.1443335,25.41434395,28.46447739,22.98644542,24.24154517,22.99159349
Gene_579,21.98448536,24.91330529,26.5807432,26.24197793,26.41550424,26.19880661
Gene_580,25.05220045,23.97967912,24.97258404,28.98648499,27.94753156,23.13126918
Gene_581,24.36716826,23.35316277,27.41239295,22.63373207,26.79715367,26.43330759
Gene_582,24.79530697,26.70371281,24.83081812,23.43899678,27.42863005,27.51388053
Gene_583,22.63688155,22.14763065,26.12652456,28.49538998,20.58434588,24.12524761
Gene_584,25.99731609,25.88059788,26.0563888,28.67437396,22.45327439,25.91365938
Gene_585,22.92208712,23.4147767,25.84607686,25.38911283,26.16293332,20.58888622
Gene_586,24.54755604,25.56462043,23.80647154,21.75953943,23.1784384,25.64769067
Gene_587,25.76285166,23.51861896,22.49831144,23.91485895,23.89625101,25.62879903
Gene_588,23.43296842,23.95331663,21.63679858,27.33483768,27.76844449,25.85126676
Gene_589,26.16598281,28.53873183,24.08740728,29.30746715,25.23298825,27.43266827
Gene_590,22.3669792,26.33656524,26.36558638,24.96824692,25.09063576,23.09287515
Gene_591,19.38045064,20.71020595,24.52192503,23.73710973,24.50882874,27.79875121
Gene_592,25.92993598,25.25282483,22.59329813,25.61057463,21.80420896,23.07864618
Gene_593,26.68107965,24.09637413,29.3129552,25.28975721,21.23885207,21.73007088
Gene_594,24.42830915,22.72674762,26.40401885,23.18132939,24.56446751,29.41182454
Gene_595,26.00825251,25.41957178,28.8932362,26.18376835,25.70947759,26.63287651
Gene_596,22.68816695,25.25993103,27.42607271,27.78088862,22.36211044,26.52694981
Gene_597,24.74570279,24.34298685,23.77724176,25.02624085,21.38443981,26.26243391
Gene_598,21.11696325,28.94540713,24.17615759,26.2515004,27.55101827,24.58257669
Gene_599,27.36236178,20.50261987,22.11863804,25.50417007,26.0139967,27.01735562
Gene_600,28.71982172,26.67643877,26.48094691,25.92313219,25.96418974,27.87193541
Gene_601,27.14802452,24.42195346,28.2473185,24.57275382,26.834193,21.8766219
Gene_602,24.94530607,26.31302682,23.15903024,27.39575212,26.10948714,22.71394728
Gene_603,24.93333932,24.0920046,22.59560471,25.46360627,22.88899464,23.55480681
Gene_604,21.96786475,23.81227088,26.76535614,23.9943171,27.50031011,26.05166327
Gene_605,26.58077069,21.57924067,21.96704193,26.26091426,22.44527989,20.31171282
Gene_606,24.57853164,24.58110314,28.84322312,26.91459505,24.04282336,24.68514104
Gene_607,23.68651415,29.9574916,26.14427156,24.85103427,25.66719124,22.09829838
Gene_608,22.17594841,26.97940442,21.57020989,19.64367118,25.56199694,24.3096166
Gene_609,24.40047501,28.35114431,25.70983779,28.27232877,26.178671,21.78601905
Gene_610,23.30187773,26.82993064,25.21036373,23.4987389,26.75318416,27.34090411
Gene_611,24.20593896,27.28852542,20.06317293,24.30171218,23.38065534,24.4479298
Gene_612,22.56480002,26.80575283,24.91628394,28.23726148,22.42514742,24.61058828
Gene_613,28.37517897,25.95078486,23.82547846,21.20392022,22.66453382,27.98419039
Gene_614,24.96799495,23.83494245,23.22540601,22.78691128,26.14896627,23.27037021
Gene_615,27.14989015,23.93413053,25.47743364,23.50109858,24.07449145,21.90687879
Gene_616,19.79660066,21.79832001,26.7017806,22.37423726,25.82582426,23.7612705
Gene_617,24.09360434,24.98836457,28.45401767,27.20657665,27.36596322,23.69455616
Gene_618,23.64903542,26.79871135,19.73498471,27.52899227,23.65653205,25.70071323
Gene_619,22.55414764,27.06384511,26.48722266,26.00175226,26.84939789,24.36843625
Gene_620,28.09321831,25.19026541,23.09529778,24.12118835,23.71021497,22.17761375
Gene_621,22.16943616,23.90474477,27.31266033,24.15264005,26.23362777,24.6320399
Gene_622,25.63678052,31.58103489,25.69172335,23.86385386,25.0681492,26.19309316
Gene_623,26.69287257,26.47337106,27.88991434,23.95058727,23.2991211,22.31315981
Gene_624,25.35638038,27.84115061,22.03447739,25.96565119,26.89570074,27.00195031
Gene_625,23.24948905,24.32463872,25.9892626,26.81852673,26.4452088,26.41506016
Gene_626,26.88233161,24.92408475,25.59031868,24.08684463,23.2627875,28.00096124
Gene_627,25.34117616,25.8972142,27.09572449,25.6379808,25.07540361,24.34428216
Gene_628,22.87300419,28.35304462,24.53766298,20.2284145,30.04479614,25.8452169
Gene_629,22.2239019,24.37705091,27.28803369,25.15167395,23.49627442,23.25361486
Gene_630,29.17343487,26.70723133,24.11007825,23.24311629,24.66657428,24.48679149
Gene_631,23.64299371,20.81037073,24.14152519,27.19706636,27.80578614,22.89225585
Gene_632,21.28885669,23.98549113,25.0507586,27.37164882,22.77260455,27.15095888
Gene_633,26.06651873,22.41598185,22.86149566,20.60700924,29.76082727,22.10348003
Gene_634,25.62046051,27.22672543,24.08685672,26.84463504,23.66539571,26.22937543
Gene_635,22.29233133,24.67109382,27.22000766,23.86854321,23.95713561,23.63270867
Gene_636,21.11408717,24.21925184,28.30365741,24.67211796,24.92289249,22.90411819
Gene_637,24.76739497,27.73819969,27.22850936,26.79700165,27.14935284,27.92183534
Gene_638,27.27879258,27.23254572,24.15026965,26.37833464,31.47108563,25.21391646
Gene_639,26.27224807,23.20395759,25.63695977,23.36195351,25.96662927,25.66662074
Gene_640,24.01412515,25.85573298,25.1969793,25.64013351,26.23923244,25.38901854
Gene_641,23.33162354,22.54311086,22.48194505,24.06584954,22.25294265,26.30515763
Gene_642,25.54213351,24.04876995,25.51481642,27.50371067,25.28248348,27.94983676
Gene_643,25.31470669,28.23315527,23.35141334,21.85705483,20.28043472,25.12405277
Gene_644,26.25942349,27.9002559,22.87875156,26.6395089,24.48345351,27.44182239
Gene_645,24.2084041,27.21803751,26.45101092,27.78219218,27.92285019,20.30523502
Gene_646,26.79870811,23.85819223,23.58413623,19.78094998,24.6038599,26.26023125
Gene_647,23.33837695,21.23713706,24.7119025,26.29549319,24.88471473,25.8456964
Gene_648,24.3389106,22.64860363,23.05256885,24.27404084,25.07808928,25.36177513
Gene_649,26.48162905,26.90511305,25.11188885,25.2204435,24.75254102,25.25419887
Gene_650,26.97994322,24.41886423,25.98469311,24.4598517,25.20009916,24.08474922
Gene_651,21.1229906,20.67478371,26.00509051,26.38419461,21.97753316,23.75384786
Gene_652,25.21438081,24.63962502,22.84948405,26.85656061,24.03825714,27.19129509
Gene_653,26.21755802,27.82047844,27.5160845,26.1862602,24.3168247,24.62668645
Gene_654,22.09835137,26.28693728,27.98594343,24.78741446,26.13954674,27.36296162
Gene_655,25.9612512,23.35748291,25.74582085,24.15174174,25.41475327,24.22612241
Gene_656,23.34365146,21.9081667,25.3149591,24.7193725,23.48281506,22.97303763
Gene_657,27.04050602,23.34690555,25.15468581,24.5454177,26.69802769,27.89312427
Gene_658,26.07696406,25.06905534,25.51509189,25.41012388,27.45317084,24.80301975
Gene_659,26.53810459,26.7761474,25.75284718,23.35080902,22.44116466,27.43456147
Gene_660,25.24143866,21.12011969,25.27364724,26.16916117,25.36802222,22.53599304
Gene_661,26.72729687,27.04640351,26.30764634,23.00340267,23.50194847,25.71583607
Gene_662,27.76102906,25.01091545,24.32846292,22.03143699,23.78370294,24.36859989
Gene_663,28.93249603,26.13955794,27.25868986,25.51555497,25.83972725,28.90810411
Gene_664,24.94320989,21.69348887,24.92463438,25.83058001,26.68369959,27.61537999
Gene_665,20.50189782,23.66669124,21.48861197,27.05083915,25.76031387,26.12056969
Gene_666,25.06305201,24.10353162,24.80055926,26.45215214,23.93031134,23.98617855
Gene_667,25.41112242,27.0877827,25.89404091,25.43957475,27.25942402,26.96700158
Gene_668,24.68930931,27.05634809,27.46006335,26.38319922,27.06377926,26.44339371
Gene_669,26.13657724,25.87018092,25.12042087,23.03900453,23.02123485,22.10650788
Gene_670,27.02135593,28.20842436,21.1198616,22.71878059,25.62633705,27.37594241
Gene_671,23.96403514,23.9691776,25.00966353,22.56902401,22.68067046,26.71401181
Gene_672,24.41180935,27.02507439,22.60157616,25.08945707,27.93346708,24.62485949
Gene_673,25.79568442,24.92811994,23.04778859,26.32294075,25.54011916,29.62396292
Gene_674,23.89955252,23.66531581,22.9487459,26.81278449,27.13427064,26.90569695
Gene_675,25.18253477,26.84676008,23.40154615,27.96740291,25.7762876,23.97214032
Gene_676,21.0765848,27.76220066,27.27425818,25.65840118,24.78345923,26.86228161
Gene_677,22.76020056,26.75650083,23.3369422,24.7436171,26.50097708,25.81859686
Gene_678,22.34448905,23.98119309,24.12187445,23.67744611,22.79336451,24.65010881
Gene_679,23.29275261,24.06042473,25.36834692,25.50813644,22.13463515,18.47570133
Gene_680,23.61339094,27.75535169,26.78075925,24.87128945,23.73769272,24.13681444
Gene_681,25.76461029,25.70565281,23.66658998,24.34974137,25.5272359,25.04857938
Gene_682,26.96422601,26.65914796,23.34755227,23.64595387,24.17262386,26.44679001
Gene_683,23.54523294,24.32259603,23.96276856,22.9882702,24.06976252,25.7052639
Gene_684,23.00632204,27.52206987,22.6565626,23.034106,26.84170301,25.45349155
Gene_685,22.91662228,23.38248971,26.8400667,27.93766072,23.99561457,28.02642104
Gene_686,24.17082255,26.25070304,20.63608373,25.50123567,26.94891374,24.89421725
Gene_687,24.52194186,23.36565007,23.94461585,24.13985649,23.45412816,22.88863805
Gene_688,25.96723507,20.07484997,22.11771996,21.84161784,24.48703327,23.9929453
Gene_689,24.35735032,22.31408498,21.08643043,25.38572747,23.34737331,24.63146217
Gene_690,20.84302146,25.2725904,25.05731639,24.00539989,24.14760136,23.85062995
Gene_691,24.81713145,26.7658455,28.07647132,24.8282169,22.67660626,21.27076591
Gene_692,27.37437362,21.49739583,28.26928071,24.58570249,25.89397394,26.19091573
Gene_693,27.38320254,22.49715106,23.87444758,26.55211078,27.3646286,26.5830635
Gene_694,23.42207356,28.52909199,23.60608858,24.86272948,25.56671739,23.52768517
Gene_695,21.90444691,24.1322013,23.92354739,24.64399717,28.42453569,25.8724476
Gene_696,29.91612098,26.01140026,26.42022046,29.74567696,21.71979999,24.36865605
Gene_697,24.67515612,23.94612936,19.87660607,27.1744084,23.49689585,24.40922647
Gene_698,24.8050975,24.40283423,25.49540095,25.26003646,26.04928881,26.20823748
Gene_699,25.84114838,25.17448841,24.18891924,23.53760401,26.26675858,25.83622981
Gene_700,21.77192109,25.02192369,23.51212301,27.35825937,25.65399344,23.83271866
Gene_701,23.54356178,24.61487958,20.98775994,23.13470089,28.49136998,23.53621234
Gene_702,21.91911519,24.06040703,24.58834716,24.90387165,28.35077913,26.08662604
Gene_703,23.61381077,18.90427822,21.70188646,26.7051715,22.08139128,23.00186
Gene_704,25.23769887,28.737311,24.96938425,24.17737577,24.16519149,23.59142555
Gene_705,22.27058108,28.58084842,23.21019664,24.26558035,22.13193326,27.76622392
Gene_706,26.17996536,22.79783652,25.09263945,25.88061828,22.93845206,25.32060841
Gene_707,25.57868806,24.66378496,25.92200816,25.27894227,25.49651279,24.11242228
Gene_708,23.19156995,27.75055061,23.99252247,24.50149478,25.70281555,22.64421728
Gene_709,25.45264988,26.99658005,22.95520309,24.58125193,23.43909661,26.43462082
Gene_710,26.49616232,27.55320324,23.77651554,25.50179845,25.60320089,23.89240958
Gene_711,27.12219051,22.85650616,23.66521299,25.93345733,23.54432914,25.19376316
Gene_712,24.57430344,30.15453619,22.01344834,27.58852363,25.49882774,27.38024857
Gene_713,24.81272641,22.73308008,23.43876357,24.16153544,25.22629051,24.56096882
Gene_714,24.82657173,26.50783268,24.61318973,27.6333189,24.43197484,27.06229851
Gene_715,27.88292351,25.28255196,24.55833338,22.06956729,23.07981507,22.70780991
Gene_716,27.25014378,24.19257936,25.65908348,23.70982686,24.06934988,21.4741854
Gene_717,26.66880314,24.2411684,27.58375145,22.2941963,25.98229241,25.65449994
Gene_718,24.4253184,23.01720637,25.66734206,25.61888312,24.01163631,27.38075677
Gene_719,25.74648287,28.24531959,27.95157395,25.84172276,24.34898442,23.9473032
Gene_720,25.80658066,25.17902646,23.70414807,22.26794916,22.86047864,24.48973201
Gene_721,22.91665341,25.5184359,27.70133682,25.09572894,24.13177041,26.8522198
Gene_722,21.54339097,25.41926567,26.18681782,23.17226745,24.95028671,24.09077792
Gene_723,26.28366006,24.24965849,22.61658223,25.98768571,23.54178231,22.75955696
Gene_724,21.94137894,22.73195751,25.80434202,21.89017232,24.23457532,23.34847029
Gene_725,25.00336738,25.50745262,22.52461432,26.72943463,22.79861176,24.65401273
Gene_726,25.50049564,20.8127211,26.89446135,24.91118414,26.49832951,21.90236698
Gene_727,26.12773478,22.16286611,23.92050771,22.92811461,29.41955036,26.61750609
Gene_728,25.37885248,22.84720661,24.52777963,24.83415578,24.14953954,26.14798821
Gene_729,23.53429239,22.84264227,23.64092702,24.46866595,25.93333257,26.68526133
Gene_730,26.97273172,25.21437763,23.29564342,24.27107725,28.16393489,28.09107835
Gene_731,28.47726753,28.1969751,28.40427942,22.00530182,24.23111168,26.97493165
Gene_732,26.76235762,21.96935171,26.98360905,23.82957969,24.22167003,27.89599779
Gene_733,21.1126982,25.86735204,26.35042615,24.65334475,26.29455029,24.29949301
Gene_734,27.79915237,26.79908951,25.14723992,22.03349559,23.0953084,27.32093634
Gene_735,24.88788811,23.0209356,26.47266763,25.60472277,24.65372699,22.29977355
Gene_736,26.04982856,24.8944012,26.32342555,27.74623277,23.89366985,26.22698248
Gene_737,26.24406647,26.64722181,28.2070412,26.5641744,23.06432595,28.31588012
Gene_738,24.80662785,24.48898179,26.70007956,23.40293408,25.84139192,29.11483994
Gene_739,24.8494736,24.55863131,24.58762199,23.68626757,24.72237221,25.58191192
Gene_740,27.03831414,25.61545358,24.57021411,24.06861549,29.33905158,26.52902263
Gene_741,26.42320384,24.87997349,24.06385487,26.21178683,19.31396421,22.84276201
Gene_742,26.98052449,23.88869422,24.27252288,24.92096093,26.29056386,21.93247996
Gene_743,29.76585339,24.72276996,24.52663212,23.10988699,23.35735659,24.97531829
Gene_744,26.32883173,28.76567958,27.4457615,21.97603078,24.42754166,25.58580161
Gene_745,25.41476231,26.74733736,20.34328073,26.11859433,22.82239803,24.73509797
Gene_746,20.57873378,23.17080585,23.59630834,22.9120731,26.15680098,23.39522032
Gene_747,30.38342801,22.51016476,24.73423856,25.99402414,27.71083554,22.55556926
Gene_748,24.03464636,24.28003552,22.43348319,25.14614183,25.9782244,26.88248839
Gene_749,29.74946943,27.6575494,28.23820122,26.44354203,23.17628695,27.01195982
Gene_750,25.74928714,25.58535824,24.5321034,27.188343,28.22895494,24.68172412
Gene_751,28.0768604,23.59698953,22.76616374,22.15341122,24.67254667,28.36218938
Gene_752,24.78057936,26.76446914,23.21677243,27.04460732,25.3574774,25.03064602
Gene_753,26.02294151,24.73325922,26.74479033,26.37563016,24.90152274,26.95423759
Gene_754,25.42791596,22.758643,28.73801868,24.38509022,24.56839855,23.65719288
Gene_755,24.6277586,25.92238491,24.75146299,24.96050189,25.16195417,26.21153226
Gene_756,24.75921235,28.04828562,25.21405761,25.97679677,22.93889453,26.32030515
Gene_757,27.02566867,25.8689366,23.10292988,26.32100162,27.3064226,25.57935857
Gene_758,24.59708371,25.38400074,27.63328942,21.57191335,26.29265777,27.18190269
Gene_759,20.92463501,23.68751374,26.44531385,27.91771396,25.15765711,24.73319607
Gene_760,24.6082215,26.13679706,20.34149307,22.18420903,26.89081146,20.98784338
Gene_761,26.07958121,22.85885893,23.70953491,20.83767176,22.55570242,24.32652951
Gene_762,26.23291143,21.69370195,24.53176501,26.90847877,27.17025793,26.51853728
Gene_763,26.23313563,24.91329446,22.78367865,21.97681549,25.42400375,21.25179078
Gene_764,21.61579696,24.93081299,24.45355165,24.55171373,26.00644205,21.56977239
Gene_765,25.73748412,29.73011106,22.73311769,22.30694221,24.08857601,25.04558885
Gene_766,26.93571842,22.56730538,25.71861591,21.41083138,23.43541283,25.24123768
Gene_767,27.55315736,25.34181265,25.67128953,24.11577201,23.9075939,27.43810225
Gene_768,24.55007746,26.61010619,26.62196871,26.29422405,27.07250609,24.87707109
Gene_769,24.35621483,27.10118569,25.83291227,25.63179876,27.18155331,26.01593538
Gene_770,27.97567566,24.97855103,28.18822808,23.71505237,28.1097448,25.54656671
Gene_771,21.66414391,23.51348772,24.22772425,24.96848591,24.87600559,26.48899758
Gene_772,24.12634005,24.8684319,20.69339327,24.80260971,23.48788711,26.83230568
Gene_773,25.91492416,28.87951198,25.05131843,24.95295102,27.94493235,22.33259397
Gene_774,21.76445247,25.96547802,26.29969769,24.10792341,21.89611021,23.63300905
Gene_775,25.55925572,20.91104585,24.1975288,25.72189981,24.68222924,26.83734126
Gene_776,28.75572804,27.84691826,27.80175296,22.83459498,26.20651404,20.66601639
Gene_777,24.99187869,26.08100532,27.18953736,25.75503479,22.67543052,19.86227061
Gene_778,24.44309195,24.93285646,26.0749866,24.32118459,21.87980843,25.27242903
Gene_779,25.94982343,24.96427276,25.13954952,24.32880282,25.97837117,25.06707399
Gene_780,24.44185566,24.70042056,23.89699873,26.41160819,28.24210101,24.30515175
Gene_781,26.62680075,25.51311896,24.64611326,24.14485636,23.57052694,26.69656873
Gene_782,26.80887093,23.99226613,25.9383557,23.0292995,23.62662513,27.38452663
Gene_783,25.00538332,25.5540225,26.93559358,22.59392332,23.11679247,26.98707763
Gene_784,22.64661568,23.13728795,24.40777069,26.33806549,27.969452,24.64678309
Gene_785,22.36355855,25.40029375,23.54349348,20.33342525,23.58412961,24.9457664
Gene_786,23.81400527,27.21367484,29.95121172,24.16616885,23.32511239,25.60992675
Gene_787,26.594761,26.01841223,26.03711434,25.36291278,23.39194002,20.74758245
Gene_788,21.08358965,27.06749935,23.19279359,22.25007918,23.82419202,22.99163823
Gene_789,21.22734968,22.81826248,26.86195811,25.01392592,23.80456412,26.59372625
Gene_790,23.69244035,25.10958557,25.123373,26.34048004,26.21289495,25.49423913
Gene_791,25.7887897,26.23450061,26.6535785,21.35114283,25.60345623,22.39465143
Gene_792,23.1728679,22.86399026,25.10359391,23.22557208,25.94949651,27.577957
Gene_793,26.77349807,28.13162867,24.8831419,28.52452489,23.73959942,25.97956125
Gene_794,25.66673994,22.93038398,25.18122324,23.69075116,26.44902862,23.79529309
Gene_795,24.65872076,25.32903742,25.82556159,23.06781108,18.91373031,25.02258406
Gene_796,26.63765627,25.30366466,23.77982854,23.28456288,27.25540434,25.13366347
Gene_797,25.77673033,25.2433406,23.68927354,24.1313612,25.39969277,24.40426146
Gene_798,24.10812995,24.57915083,24.63044159,25.37183977,24.18979563,24.63433354
Gene_799,25.46222987,25.89987357,25.34260286,23.59266547,25.951055,24.70341965
Gene_800,26.29502672,22.93767102,24.36524709,25.4034392,22.55375583,26.32018692
Gene_801,25.71256669,22.42127162,25.63396912,26.40390549,23.73457289,26.99930887
Gene_802,23.68397958,23.69086272,22.79652917,25.67236302,25.21834324,26.10421892
Gene_803,26.71040441,24.88535179,22.13808309,26.4996514,21.87488683,28.49176996
Gene_804,27.30587245,27.51349564,28.78402127,23.39823533,24.91950913,26.24096803
Gene_805,25.55254911,28.17490828,25.79575423,24.75451721,24.92734014,25.64524752
Gene_806,25.28820932,25.63896293,24.20594373,26.32857718,24.44214884,26.68089074
Gene_807,24.84874984,25.76318325,24.4400843,25.10991577,22.4137411,24.72857687
Gene_808,29.32283169,24.51271023,26.57023706,25.42539007,27.33360161,26.46461218
Gene_809,25.55263106,25.09610617,24.57935837,25.10172136,22.02925191,29.01034416
Gene_810,24.68341194,22.19090828,25.38422993,25.3658337,22.04575918,24.58382277
Gene_811,19.9841644,25.57986746,24.47054875,24.95065414,23.83471929,27.06893413
Gene_812,21.86943647,23.92889284,23.99721788,22.801218,28.09860758,25.04967436
Gene_813,24.8446536,25.66935755,26.20437963,25.34799866,25.21376586,23.50421324
Gene_814,25.41258809,24.30803732,25.28298912,24.08926656,25.51913346,27.26738059
Gene_815,25.55374492,23.67676853,27.60362533,27.87155772,24.5680226,25.91832757
Gene_816,26.64301356,24.56177725,22.74920628,23.94081966,25.54169482,24.36637926
Gene_817,24.61169518,24.26619018,24.72938519,25.30430279,26.26637849,28.52318371
Gene_818,27.42917759,27.18915642,24.5820221,21.05347735,26.41493866,21.28683628
Gene_819,23.15696791,25.41841616,22.85027533,23.68224248,27.74136294,24.87428927
Gene_820,22.58311456,25.86498285,26.99571745,23.3430947,23.44388773,24.58314978
Gene_821,22.54202764,22.51829283,24.7852005,27.46340709,24.68377291,24.73833073
Gene_822,26.48459405,27.99364342,22.22888402,24.6978281,25.82707733,25.24244424
Gene_823,24.83416012,25.31874088,23.81571875,25.28991255,26.65015145,28.72347269
Gene_824,26.57963584,23.28743719,22.78933288,25.60059382,24.3339555,20.84900591
Gene_825,24.46458716,25.61809329,27.07817703,23.93777704,26.30154793,27.07440149
Gene_826,23.8162158,26.74086806,30.08580891,25.60143028,23.90309463,23.4793186
Gene_827,24.26329485,22.23264572,23.65256836,28.01324808,24.31704709,26.88434336
Gene_828,21.29476635,28.38021394,24.81553998,26.23398542,27.02428753,24.10518236
Gene_829,22.66076948,24.68393859,25.55947007,26.42880012,21.234491,26.72341632
Gene_830,22.11593071,27.24234156,30.41791884,23.33095435,25.44309348,24.55615079
Gene_831,27.10864454,25.14452264,20.34199307,25.35809508,26.85187998,23.7790965
Gene_832,23.80533982,24.33515431,23.97208853,25.58669287,24.31044604,22.54354438
Gene_833,26.57891971,21.33015991,22.59441049,23.68979674,26.24971146,23.00479126
Gene_834,28.0329812,22.79965556,24.54475039,25.2348411,23.58700741,24.27423075
Gene_835,24.61645038,24.9173194,24.44820156,28.94705618,25.34241483,24.91930146
Gene_836,25.56775781,26.65570509,23.54038239,23.05093354,25.01955751,26.0286633
Gene_837,21.49786496,21.23664269,28.66831144,26.1058953,24.94281656,24.8474995
Gene_838,23.36266044,27.75088222,25.51413067,22.85235774,22.44842547,27.46484196
Gene_839,25.1124297,27.79798093,29.78717075,25.70399354,24.67482392,22.52026667
Gene_840,25.59817381,22.71336749,26.64723325,22.91635045,23.37209466,26.10975067
Gene_841,23.48120377,25.94460112,22.4693757,26.1807023,24.28078544,26.83333364
Gene_842,30.369718,22.93272157,23.49301757,22.4631202,27.04848799,26.0205303
Gene_843,24.08321972,24.74960004,25.54607684,25.04095533,23.86681484,24.74192573
Gene_844,25.12848711,26.85732548,23.84420212,27.68263252,24.93454168,23.98926022
Gene_845,26.29958373,26.7366793,25.70857938,24.55505183,25.20604724,22.18077815
Gene_846,24.94796273,23.30165079,26.46514528,24.78720481,24.62106793,21.91268259
Gene_847,23.71286523,24.22672709,25.84224455,27.80838062,26.61218098,26.39724045
Gene_848,27.09061133,23.04767286,24.73077433,29.07259311,24.91510435,24.36374786
Gene_849,28.23109065,25.67908732,23.71292213,29.96621023,25.30979645,21.97141054
Gene_850,24.94061206,21.88184967,22.42135862,24.21274935,23.2194376,26.03075877
Gene_851,26.12453469,19.74134912,25.6817898,22.88972682,24.23548185,26.57921359
Gene_852,24.805175,27.93962456,26.84467135,26.30230868,23.70599114,20.69799365
Gene_853,27.03291044,29.54694583,24.84066118,25.87119089,25.94855658,28.67643757
Gene_854,22.68766521,24.08993292,26.50723531,27.57041647,27.30305785,27.470171
Gene_855,29.64172045,26.52220497,29.45505937,25.30042674,24.07873701,22.46748074
Gene_856,23.7929375,24.98499443,28.86764256,25.32163872,20.56947523,23.39155796
Gene_857,22.08230117,27.9486276,24.01018905,28.02751727,23.30897445,25.41669897
Gene_858,24.29816435,26.10828787,26.09342368,25.32398154,23.13144821,25.72882391
Gene_859,25.29341697,25.40732793,23.59557872,26.36447025,27.36150957,22.61893357
Gene_860,28.24724242,21.4017271,26.37962685,25.96903509,25.28598737,23.72579004
Gene_861,26.82241935,27.16591136,24.88327372,24.91105616,28.12947492,31.16747908
Gene_862,25.28491686,24.29829277,25.55517516,23.93037767,25.80180826,26.87499634
Gene_863,22.22103295,22.19301983,23.28197077,24.32490431,21.90488556,27.78107597
Gene_864,23.26792451,24.59640667,27.41075583,21.10294606,25.98982124,23.41315033
Gene_865,24.67343014,24.74644368,24.83164007,27.55691003,23.50429221,24.38473455
Gene_866,30.10605223,27.11841375,24.10816008,21.80977834,25.00120672,22.29724432
Gene_867,21.27954485,22.66520794,24.84675725,23.81859903,24.79669326,25.72487456
Gene_868,27.2621093,23.88471275,25.15279676,24.25933791,24.71188371,24.89950205
Gene_869,23.94553149,27.97623986,28.27372802,27.41105671,24.33726189,29.62363889
Gene_870,28.3319818,27.71733154,22.77855202,25.11570141,28.84241631,24.36367334
Gene_871,22.72159872,27.32642909,29.91798241,26.88845058,28.01970972,25.02140875
Gene_872,25.28724647,28.32304789,23.45337523,24.4115363,23.2214312,23.11762842
Gene_873,22.80089812,25.40806196,25.34928675,28.3427369,25.39736041,25.46068382
Gene_874,26.80703285,23.83623263,20.88371727,25.97399564,27.30272936,23.4322981
Gene_875,27.96755898,26.11040812,23.69107894,26.09458843,27.20505114,22.92310136
Gene_876,28.90144201,27.11744625,26.46354673,26.75506197,23.20923391,24.7916105
Gene_877,26.59520132,29.82726654,26.01046612,22.03553549,27.8196018,23.19339478
Gene_878,28.68653251,21.07003533,25.82114444,24.97895198,23.59080841,23.27502164
Gene_879,27.49284782,25.54647141,24.06646939,25.4288485,25.25328507,26.01952817
Gene_880,24.73625018,26.30958917,21.31285507,23.4665415,25.33751161,27.17775993
Gene_881,25.95407448,24.89080269,22.85435075,25.02434104,21.16001775,26.737967
Gene_882,23.05601158,21.8843555,24.54034247,23.55731934,24.73338516,24.9896535
Gene_883,24.62959566,26.48300178,26.24327435,25.43949486,20.79922685,25.18208108
Gene_884,27.44192742,23.44182852,26.67489096,21.43034355,21.06732299,23.48490865
Gene_885,26.08256829,26.011723,24.3942239,25.56881918,25.64103086,25.59029401
Gene_886,25.91471466,26.81510341,24.69689493,23.72745301,25.68248684,26.99740917
Gene_887,22.92373792,27.56791402,24.67429695,26.87867979,26.9486694,23.05621748
Gene_888,23.79097354,21.88427241,25.11569107,21.053779,25.7590924,26.9984926
Gene_889,23.47078797,27.1634837,28.07428977,25.08502662,23.65246141,23.70060644
Gene_890,25.79059174,23.48603729,23.54657494,24.55818072,23.39854585,25.86040522
Gene_891,23.01898474,22.42196105,24.59047456,26.88104723,26.60910901,22.22311612
Gene_892,26.12408278,27.62864133,25.15745258,21.83997778,27.9020713,25.34229211
Gene_893,22.76716718,27.29251995,22.32346821,23.90253797,26.59758742,27.62140294
Gene_894,28.65706092,24.51483346,23.15794153,26.42372303,25.43384958,24.84350703
Gene_895,25.9211827,26.51908141,25.4005239,26.22574725,24.86200561,21.83447306
Gene_896,23.59799278,23.27934852,25.85413826,25.71266822,28.25683392,28.26273288
Gene_897,25.48209187,24.69793684,27.28018042,25.57714061,20.01662604,23.35615836
Gene_898,24.2950936,24.81255353,24.06858809,21.66291657,26.9858182,23.0389933
Gene_899,25.74229592,24.43851989,27.90780124,26.70212439,24.66460944,23.76899117
Gene_900,25.48706544,26.46819747,23.27088757,25.43155213,22.74579764,23.00887119
Gene_901,22.97177165,28.07465507,21.80743384,21.37058583,26.67332408,25.39446761
Gene_902,23.41737224,24.08845787,21.10797311,24.65309734,23.03944271,25.66633856
Gene_903,25.59918737,24.9346831,27.20810055,26.90753552,25.68801198,24.27779123
Gene_904,28.27810382,28.2735147,25.60974422,26.40757517,25.37106912,26.64465011
Gene_905,27.16923402,24.34191606,24.73915622,23.7374301,25.28239923,25.89158717
Gene_906,23.75086505,19.79192366,24.41277323,26.81518354,21.29580519,22.44171811
Gene_907,26.6518458,26.02796757,28.17251091,24.20607335,25.32484004,26.31923546
Gene_908,24.90286329,23.22706398,27.40229101,25.76391793,24.01364207,22.40200715
Gene_909,25.6026273,23.00292319,22.99252058,26.8570654,23.59242987,24.83244134
Gene_910,25.52072298,27.84163363,22.21796603,25.78115218,22.63275859,24.45305105
Gene_911,30.15089953,29.89599601,27.17059176,23.6945949,22.72260364,23.40227344
Gene_912,22.62942238,22.92043492,26.12122361,26.63996473,23.30879306,27.25239608
Gene_913,25.20183972,27.06205036,23.97803803,27.95486017,27.49398082,25.05160642
Gene_914,21.44004542,24.81170432,25.79290393,23.14160713,26.39033002,26.03713419
Gene_915,26.17967185,25.28361492,20.95353779,24.63561133,25.54966496,24.90960945
Gene_916,27.19321694,27.4444734,23.66971705,27.00731694,28.43297055,23.23138914
Gene_917,27.89132448,25.42734904,25.87001441,23.29601622,28.22416239,26.16238963
Gene_918,21.1497095,23.29726929,24.85417672,21.56124839,26.80592154,23.40629315
Gene_919,25.82553899,24.05918225,22.43622471,24.01060193,22.63311603,26.6991019
Gene_920,28.1867399,26.37227051,27.03053226,27.13297955,27.86616005,29.83414122
Gene_921,24.17196827,20.32810534,27.32611868,22.27630473,24.59574673,25.68634062
Gene_922,24.57569894,27.19048876,23.11992032,24.50339234,24.5146574,26.34949498
Gene_923,24.92692556,21.8656998,24.62906674,26.92386016,25.47508024,25.8744273
Gene_924,25.7300375,25.04386213,26.46122788,25.09385491,25.12587543,27.50190007
Gene_925,26.33031975,24.61928204,26.72744969,26.13383811,24.01223989,22.5016351
Gene_926,27.63564177,27.58613897,23.94250477,28.24796032,26.36973895,23.08682635
Gene_927,24.80902482,25.37769863,23.24292032,26.80154242,24.03591502,25.14783967
Gene_928,25.39255609,25.20387827,25.69015081,26.1823813,23.87040967,24.88053091
Gene_929,29.97599575,26.39627162,21.16796356,25.98197282,24.49141318,22.69826459
Gene_930,25.86219786,23.34597089,23.09984482,22.68316679,23.48063426,21.49240547
Gene_931,25.37750622,24.60820229,26.54717425,26.67839379,25.30736401,24.05673502
Gene_932,22.31551375,27.35516883,21.59240319,26.08421324,24.805493,28.29035076
Gene_933,25.0057121,26.36694724,22.59844575,25.80724147,24.40819885,29.48832726
Gene_934,24.55734769,22.44900659,24.51842987,25.11440069,25.92758276,26.67041069
Gene_935,24.97790834,26.27591273,24.395853,22.45790423,21.35033812,21.75934553
Gene_936,23.84916472,22.24482075,21.49191048,25.3071875,25.50488382,26.49922987
Gene_937,23.6263687,23.80337839,26.01875768,27.50991219,26.80249651,23.91963277
Gene_938,23.55845274,27.42184077,22.95708733,23.77657408,26.76088138,25.25600501
Gene_939,24.57099097,20.49790965,24.68388213,21.39830151,29.4635402,26.35501971
Gene_940,27.7362653,21.44197162,24.60685559,28.67605574,23.72033034,28.31986557
Gene_941,27.09817325,27.60274535,26.39325748,23.87144413,23.03979269,25.26876921
Gene_942,24.28004976,23.37041443,24.86803708,27.2807132,25.65219595,23.59315746
Gene_943,21.62816709,27.48741404,24.73130403,26.24810694,21.62947521,26.52988492
Gene_944,23.31083314,24.6634996,28.30948169,28.3154722,27.42138314,26.63952764
Gene_945,24.08447893,25.85555136,25.74378976,24.91581883,22.90577282,26.80768734
Gene_946,25.20727601,26.62655778,26.24708093,24.39911094,25.87709355,27.28758217
Gene_947,23.67478545,23.69757626,25.94979725,28.46451596,24.32438962,25.5775072
Gene_948,29.01336138,24.39081815,26.14326925,29.31305965,20.24104723,23.11347231
Gene_949,24.45546493,24.16980566,27.67147293,25.63703776,25.51868978,25.26643652
Gene_950,22.57211106,30.63216855,24.88579168,25.33969409,22.79399063,21.47572608
Gene_951,24.71747649,25.25229414,25.48568789,26.484699,26.84460212,27.30160928
Gene_952,22.98924484,25.94560085,28.93926827,23.65492662,20.09701798,26.01133445
Gene_953,25.31231141,24.31849292,23.93992337,25.9956523,24.73799236,26.40539168
Gene_954,25.46726723,24.51641871,27.58201796,23.020776,22.89320598,25.32217651
Gene_955,25.71117522,27.75750934,23.78584361,24.40504077,27.2543318,20.21755202
Gene_956,21.75628348,24.32223266,28.42027935,26.58976707,23.54433072,23.78062677
Gene_957,25.44142258,25.04027261,23.66750524,23.47409318,26.87068118,26.88864714
Gene_958,25.62090016,25.75392433,23.37125545,26.70172125,24.06341579,24.45261128
Gene_959,22.1577831,24.13655251,27.07280525,26.00435812,25.25964214,26.67407165
Gene_960,26.91073128,28.91812831,26.92986307,27.86748507,27.92470568,23.12475202
Gene_961,26.56834176,22.14308078,26.10342167,29.33132598,23.63566125,25.51624164
Gene_962,29.59923872,29.02258596,25.54637706,23.84924848,28.63723677,23.90394658
Gene_963,25.31340597,24.29681622,25.48371961,25.78127767,26.97231674,23.70168927
Gene_964,25.09346706,27.71423929,29.10952141,28.11732756,27.56920264,24.62832891
Gene_965,25.19317167,21.00164518,22.13493101,25.39809086,20.50719886,28.42952244
Gene_966,25.13953246,26.91216124,23.02732737,23.692374,24.66296674,25.34443032
Gene_967,21.30305445,26.75286253,22.44171975,23.00485839,22.06676674,25.44487692
Gene_968,21.65774588,22.45756606,26.92151098,27.80088861,26.51855007,28.18368218
Gene_969,24.84492207,23.46335224,24.50871613,30.19898341,27.44555406,24.42461019
Gene_970,23.83786524,25.38704969,24.73998309,22.90539943,23.76492922,26.03545051
Gene_971,25.10947305,27.28767086,28.56661364,25.22107461,23.97645212,23.5538183
Gene_972,20.77758325,23.46800139,23.84194709,21.86386171,21.75683961,26.69671115
Gene_973,22.00260349,24.551748,29.0455892,25.13934241,26.58187527,22.30603758
Gene_974,22.79703312,28.14269387,22.18111837,24.38564027,27.92304391,24.88834787
Gene_975,26.97211644,22.74530552,27.63567123,24.97589343,21.60013557,27.25543596
Gene_976,22.80301999,26.89558796,25.64624201,30.78970878,21.37497051,27.67687905
Gene_977,23.40097209,25.89753638,24.22279896,22.20263904,27.28828219,24.82705746
Gene_978,25.15974764,22.78837094,24.65432619,25.8642268,27.69708371,20.22051273
Gene_979,24.35450728,23.66426432,27.67794934,28.66531543,25.74311291,28.29049775
Gene_980,25.29283436,26.56655502,28.40761174,23.77795491,25.48449806,23.75491659
Gene_981,29.61012396,25.49791887,21.64306436,23.36131457,23.7574829,26.4363543
Gene_982,22.75079266,27.85019655,31.84218922,25.09661892,25.67807614,21.60671432
Gene_983,24.38906072,23.79643208,30.15588531,27.60110274,24.09571975,24.10769205
Gene_984,23.9664811,21.57102461,23.94935633,24.31375032,29.08646643,28.26212146
Gene_985,28.02479085,27.09565385,24.87123619,22.94841746,24.10132463,25.6858724
Gene_986,23.46103015,23.78275676,23.67290529,25.14109708,18.72523094,25.68710863
Gene_987,24.83582619,25.24068105,24.81399782,20.96436146,25.99992442,26.7959685
Gene_988,26.57426723,28.43808363,26.47971888,22.04908976,22.48571682,22.27053273
Gene_989,22.88281893,24.4991719,25.20672563,27.1729256,26.64552286,25.06355375
Gene_990,28.31035163,28.09911065,25.384014,25.91763115,21.90780784,25.94974926
Gene_991,26.35152483,22.8057207,27.95761521,20.65200714,24.48243848,27.26567916
Gene_992,22.85158678,26.85102247,20.59226304,26.23523251,25.78081475,23.38120244
Gene_993,25.90915562,25.49359842,24.01711391,20.3904093,24.60545959,25.46847986
Gene_994,24.57338571,23.52645692,25.28883454,24.10606258,21.10610104,26.33250802
Gene_995,25.62645754,22.43998212,23.43379873,25.59898135,22.14472365,32.43144145
Gene_996,24.82004961,25.15328733,27.12193248,22.14305083,23.29916392,28.17973568
Gene_997,27.14103207,25.51032952,24.10898872,27.53499497,28.24893819,20.25882673
Gene_998,22.29779923,25.55489363,24.14163969,27.42901158,24.74672368,25.03445483
Gene_999,23.95476661,26.07371204,27.3780236,23.65028814,27.55120405,25.38216415
Gene_1000,24.50161864,24.07902887,26.66858815,27.24204382,25.35899235,26.63632444


